-- phpMyAdmin SQL Dump
-- version 5.2.0
-- https://www.phpmyadmin.net/
--
-- Servidor: 127.0.0.1:3306
-- Tiempo de generación: 21-04-2023 a las 02:00:09
-- Versión del servidor: 8.0.31
-- Versión de PHP: 8.0.26

SET SQL_MODE = "NO_AUTO_VALUE_ON_ZERO";
START TRANSACTION;
SET time_zone = "+00:00";


/*!40101 SET @OLD_CHARACTER_SET_CLIENT=@@CHARACTER_SET_CLIENT */;
/*!40101 SET @OLD_CHARACTER_SET_RESULTS=@@CHARACTER_SET_RESULTS */;
/*!40101 SET @OLD_COLLATION_CONNECTION=@@COLLATION_CONNECTION */;
/*!40101 SET NAMES utf8mb4 */;

--
-- Base de datos: `rsart`
--

-- --------------------------------------------------------

--
-- Estructura de tabla para la tabla `client`
--

DROP TABLE IF EXISTS `client`;
CREATE TABLE IF NOT EXISTS `client` (
  `id` varchar(100) NOT NULL COMMENT 'email',
  `Name` varchar(100) NOT NULL,
  `Last_Name` varchar(100) NOT NULL,
  PRIMARY KEY (`id`)
) ENGINE=MyISAM DEFAULT CHARSET=utf8mb4 COLLATE=utf8mb4_0900_ai_ci;

--
-- Volcado de datos para la tabla `client`
--

INSERT INTO `client` (`id`, `Name`, `Last_Name`) VALUES
('jeangrey@xavier.edu', 'Jean', 'Grey'),
('illyanarasputin@xavier.edu', 'Illyana', 'Rasputin'),
('scottsmmers@xavier.edu', 'Scott', 'Summers'),
('white_queen@hellfire.co', 'Emma', 'Frost'),
('kpryde@xaviers.edu', 'Kitty', 'Pryde'),
('dmoonstar@xaviers.edu', 'Dani', 'Moonstar');

-- --------------------------------------------------------

--
-- Estructura de tabla para la tabla `image`
--

DROP TABLE IF EXISTS `image`;
CREATE TABLE IF NOT EXISTS `image` (
  `id` int NOT NULL AUTO_INCREMENT,
  `Path` varchar(500) NOT NULL,
  `WORK_id` int NOT NULL COMMENT 'foreign key',
  PRIMARY KEY (`id`),
  KEY `FK_ImageWork` (`WORK_id`)
) ENGINE=MyISAM AUTO_INCREMENT=30 DEFAULT CHARSET=utf8mb4 COLLATE=utf8mb4_0900_ai_ci;

--
-- Volcado de datos para la tabla `image`
--

INSERT INTO `image` (`id`, `Path`, `WORK_id`) VALUES
(1, 'Database\\img\\G_Aiden.JPG', 1),
(2, 'Database\\img\\G_BrideOfFrankenstein.JPG', 2),
(3, 'Database\\img\\G_Chamber.PNG', 3),
(4, 'Database\\img\\G_Circuito.JPG', 4),
(5, 'Database\\img\\G_Coven.png', 5),
(6, 'Database\\img\\G_Decisions.JPG', 6),
(7, 'Database\\img\\G_DreamInADream.jpg', 7),
(8, 'Database\\img\\G_Fei.JPG', 8),
(9, 'Database\\img\\G_FridayNight.jpg', 9),
(10, 'Database\\img\\G_Help_1.png', 10),
(11, 'Database\\img\\G_Help_2.png', 10),
(12, 'Database\\img\\G_Home.jpg', 11),
(13, 'Database\\img\\G_Jubilation.jpg', 12),
(14, 'Database\\img\\G_KingOfHearts.PNG', 13),
(15, 'Database\\img\\G_Legion.PNG', 14),
(16, 'Database\\img\\G_MedusaNonGrata.PNG', 15),
(17, 'Database\\img\\G_Mirror.JPG', 16),
(18, 'Database\\img\\G_Possessions.jpg', 17),
(19, 'Database\\img\\G_Quebrada.jpg', 18),
(20, 'Database\\img\\G_Ravac.JPG', 19),
(21, 'Database\\img\\G_Roadkill.JPG', 20),
(22, 'Database\\img\\G_Shah.jpg', 21),
(23, 'Database\\img\\G_She.jpeg', 22),
(24, 'Database\\img\\G_Sky.jpg', 23),
(25, 'Database\\img\\G_Spade.jpg', 24),
(26, 'Database\\img\\G_Starsmore.PNG', 25),
(27, 'Database\\img\\G_Travel.JPG', 26),
(28, 'Database\\img\\G_Waiting.JPG', 27),
(29, 'Database\\img\\G_Wonderland.jpg', 28);

-- --------------------------------------------------------

--
-- Estructura de tabla para la tabla `message`
--

DROP TABLE IF EXISTS `message`;
CREATE TABLE IF NOT EXISTS `message` (
  `id` int NOT NULL AUTO_INCREMENT,
  `Date_Time` datetime NOT NULL,
  `Subject` varchar(100) NOT NULL,
  `Text_Content` text CHARACTER SET utf8mb4 COLLATE utf8mb4_0900_ai_ci NOT NULL,
  `CLIENT_id` varchar(100) NOT NULL COMMENT 'foreign key',
  PRIMARY KEY (`id`),
  KEY `FK_MessageClient` (`CLIENT_id`)
) ENGINE=MyISAM AUTO_INCREMENT=34 DEFAULT CHARSET=utf8mb4 COLLATE=utf8mb4_0900_ai_ci;

--
-- Volcado de datos para la tabla `message`
--

INSERT INTO `message` (`id`, `Date_Time`, `Subject`, `Text_Content`, `CLIENT_id`) VALUES
(22, '2023-04-10 22:59:04', 'Phoenix', 'I am fire and life incarnate', 'jeangrey@xavier.edu'),
(24, '2023-04-11 00:18:31', 'Darkchylde', 'Humanity\'s savior or the means of its eternal damnation.', 'illyanarasputin@xavier.edu'),
(26, '2023-04-11 00:24:25', 'I\'Don\'t Know', 'It\'s apostrophes again', 'scottsmmers@xavier.edu'),
(27, '2023-04-11 00:25:51', 'I\'Don\'t Know', '-09660-===0---\'\'\'\'\'\'\"\"\"\"\"', 'white_queen@hellfire.co'),
(28, '2023-04-11 00:26:23', 'I\'Don\'t Know', '54 \' \"\"\" jfdkjgnd---_-__·\"\"&\"/%··/=', 'white_queen@hellfire.co'),
(29, '2023-04-18 22:30:24', 'Lockheed', 'I don\'t know', 'kpryde@xaviers.edu'),
(30, '2023-04-19 21:55:52', '...----...', 'kdjkwdwldlwdj', 'dmoonstar@xaviers.edu'),
(31, '2023-04-19 21:56:10', '...----...', 'kdjkwdwldlwdj', 'dmoonstar@xaviers.edu'),
(32, '2023-04-19 22:05:14', 'save ', 'fds', 'scottsmmers@xavier.edu'),
(33, '2023-04-20 19:21:14', 'Yea', 'Stop making overpric3d prices', 'white_queen@hellfire.co');

-- --------------------------------------------------------

--
-- Estructura de tabla para la tabla `tag`
--

DROP TABLE IF EXISTS `tag`;
CREATE TABLE IF NOT EXISTS `tag` (
  `id` int NOT NULL AUTO_INCREMENT,
  `Name` varchar(100) NOT NULL,
  PRIMARY KEY (`id`)
) ENGINE=MyISAM AUTO_INCREMENT=11 DEFAULT CHARSET=utf8mb4 COLLATE=utf8mb4_0900_ai_ci;

--
-- Volcado de datos para la tabla `tag`
--

INSERT INTO `tag` (`id`, `Name`) VALUES
(1, 'Traditional'),
(2, 'Digital'),
(3, 'Painting'),
(4, 'Print'),
(5, 'Sculpture'),
(6, 'Drawing'),
(7, 'Mixed Media');

-- --------------------------------------------------------

--
-- Estructura de tabla para la tabla `tag_work`
--

DROP TABLE IF EXISTS `tag_work`;
CREATE TABLE IF NOT EXISTS `tag_work` (
  `id` int NOT NULL AUTO_INCREMENT,
  `TAG_id` int NOT NULL,
  `WORK_id` int NOT NULL,
  PRIMARY KEY (`id`),
  KEY `FK_TagWork` (`TAG_id`),
  KEY `FK_WorkTag` (`WORK_id`)
) ENGINE=MyISAM AUTO_INCREMENT=42 DEFAULT CHARSET=utf8mb4 COLLATE=utf8mb4_0900_ai_ci;

--
-- Volcado de datos para la tabla `tag_work`
--

INSERT INTO `tag_work` (`id`, `TAG_id`, `WORK_id`) VALUES
(1, 1, 5),
(2, 1, 7),
(3, 1, 9),
(4, 1, 10),
(5, 1, 11),
(6, 1, 17),
(7, 1, 18),
(8, 1, 21),
(9, 1, 23),
(10, 1, 24),
(11, 1, 28),
(12, 2, 1),
(13, 2, 2),
(14, 2, 4),
(15, 2, 6),
(16, 2, 8),
(17, 2, 12),
(18, 2, 13),
(19, 2, 14),
(20, 2, 15),
(21, 2, 16),
(22, 2, 19),
(23, 2, 20),
(24, 2, 22),
(25, 2, 25),
(26, 2, 26),
(27, 2, 27),
(28, 7, 3),
(29, 3, 5),
(30, 3, 17),
(31, 3, 18),
(32, 3, 21),
(33, 4, 7),
(34, 4, 9),
(35, 4, 11),
(36, 4, 28),
(37, 5, 24),
(38, 6, 3),
(39, 6, 6),
(40, 6, 10),
(41, 6, 23);

-- --------------------------------------------------------

--
-- Estructura de tabla para la tabla `work`
--

DROP TABLE IF EXISTS `work`;
CREATE TABLE IF NOT EXISTS `work` (
  `id` int NOT NULL AUTO_INCREMENT,
  `Title` varchar(100) NOT NULL,
  `Description` text NOT NULL,
  `Date` date NOT NULL,
  PRIMARY KEY (`id`)
) ENGINE=MyISAM AUTO_INCREMENT=29 DEFAULT CHARSET=utf8mb4 COLLATE=utf8mb4_0900_ai_ci;

--
-- Volcado de datos para la tabla `work`
--

INSERT INTO `work` (`id`, `Title`, `Description`, `Date`) VALUES
(1, 'Aiden', 'Lorem ipsum dolor sit amet, consectetur adipiscing elit. Mauris id fringilla massa. Quisque quis diam semper, tempus odio at, porttitor ex. Donec pretium eros a sodales porta. Vestibulum ante ipsum primis in faucibus orci luctus et ultrices posuere cubilia curae; Nunc a massa dapibus mi elementum laoreet at quis purus. Aenean nec nulla enim. Donec eu porta ipsum. Donec felis sapien, scelerisque ac tortor ac, ornare hendrerit libero. Praesent et hendrerit mi.\r\n\r\nVestibulum ante ipsum primis in faucibus orci luctus et ultrices posuere cubilia curae; Praesent eu mi blandit, efficitur mi sit amet, finibus mi. Maecenas id bibendum augue. Sed elementum, dui non convallis blandit, orci eros sagittis velit, in facilisis mi est vitae odio. Pellentesque faucibus risus vel nisl ultricies, dictum commodo mi rutrum. Integer cursus purus quis porttitor posuere. Proin congue odio sit amet tellus rhoncus, sed lobortis turpis rutrum. Nunc et lacus imperdiet, mattis turpis eget, auctor nisi. Fusce orci ante, malesuada luctus ante sit amet, ultricies molestie sapien. Nulla tristique lorem faucibus magna fermentum tincidunt. Proin turpis tellus, mollis eget laoreet in, facilisis at nunc. Cras sodales tempus lorem nec tempus. Mauris mollis egestas magna, vitae aliquam quam convallis venenatis. Aliquam et sem a est faucibus aliquet. Nam sem erat, facilisis non feugiat id, varius ac tortor. Integer faucibus, tellus sit amet venenatis aliquet, massa nibh ultricies odio, eget feugiat elit felis eget eros. ', '2023-02-05'),
(2, 'Bride of Frankenstein', 'Lorem ipsum dolor sit amet, consectetur adipiscing elit. Mauris id fringilla massa. Quisque quis diam semper, tempus odio at, porttitor ex. Donec pretium eros a sodales porta. Vestibulum ante ipsum primis in faucibus orci luctus et ultrices posuere cubilia curae; Nunc a massa dapibus mi elementum laoreet at quis purus. Aenean nec nulla enim. Donec eu porta ipsum. Donec felis sapien, scelerisque ac tortor ac, ornare hendrerit libero. Praesent et hendrerit mi.\r\n\r\nVestibulum ante ipsum primis in faucibus orci luctus et ultrices posuere cubilia curae; Praesent eu mi blandit, efficitur mi sit amet, finibus mi. Maecenas id bibendum augue. Sed elementum, dui non convallis blandit, orci eros sagittis velit, in facilisis mi est vitae odio. Pellentesque faucibus risus vel nisl ultricies, dictum commodo mi rutrum. Integer cursus purus quis porttitor posuere. Proin congue odio sit amet tellus rhoncus, sed lobortis turpis rutrum. Nunc et lacus imperdiet, mattis turpis eget, auctor nisi. Fusce orci ante, malesuada luctus ante sit amet, ultricies molestie sapien. Nulla tristique lorem faucibus magna fermentum tincidunt. Proin turpis tellus, mollis eget laoreet in, facilisis at nunc. Cras sodales tempus lorem nec tempus. Mauris mollis egestas magna, vitae aliquam quam convallis venenatis. Aliquam et sem a est faucibus aliquet. Nam sem erat, facilisis non feugiat id, varius ac tortor. Integer faucibus, tellus sit amet venenatis aliquet, massa nibh ultricies odio, eget feugiat elit felis eget eros. ', '2023-02-11'),
(3, 'Chamber', 'Lorem ipsum dolor sit amet, consectetur adipiscing elit. Mauris id fringilla massa. Quisque quis diam semper, tempus odio at, porttitor ex. Donec pretium eros a sodales porta. Vestibulum ante ipsum primis in faucibus orci luctus et ultrices posuere cubilia curae; Nunc a massa dapibus mi elementum laoreet at quis purus. Aenean nec nulla enim. Donec eu porta ipsum. Donec felis sapien, scelerisque ac tortor ac, ornare hendrerit libero. Praesent et hendrerit mi.\r\n\r\nVestibulum ante ipsum primis in faucibus orci luctus et ultrices posuere cubilia curae; Praesent eu mi blandit, efficitur mi sit amet, finibus mi. Maecenas id bibendum augue. Sed elementum, dui non convallis blandit, orci eros sagittis velit, in facilisis mi est vitae odio. Pellentesque faucibus risus vel nisl ultricies, dictum commodo mi rutrum. Integer cursus purus quis porttitor posuere. Proin congue odio sit amet tellus rhoncus, sed lobortis turpis rutrum. Nunc et lacus imperdiet, mattis turpis eget, auctor nisi. Fusce orci ante, malesuada luctus ante sit amet, ultricies molestie sapien. Nulla tristique lorem faucibus magna fermentum tincidunt. Proin turpis tellus, mollis eget laoreet in, facilisis at nunc. Cras sodales tempus lorem nec tempus. Mauris mollis egestas magna, vitae aliquam quam convallis venenatis. Aliquam et sem a est faucibus aliquet. Nam sem erat, facilisis non feugiat id, varius ac tortor. Integer faucibus, tellus sit amet venenatis aliquet, massa nibh ultricies odio, eget feugiat elit felis eget eros. ', '2022-09-12'),
(4, 'Circuito', 'Lorem ipsum dolor sit amet, consectetur adipiscing elit. Mauris id fringilla massa. Quisque quis diam semper, tempus odio at, porttitor ex. Donec pretium eros a sodales porta. Vestibulum ante ipsum primis in faucibus orci luctus et ultrices posuere cubilia curae; Nunc a massa dapibus mi elementum laoreet at quis purus. Aenean nec nulla enim. Donec eu porta ipsum. Donec felis sapien, scelerisque ac tortor ac, ornare hendrerit libero. Praesent et hendrerit mi.\r\n\r\nVestibulum ante ipsum primis in faucibus orci luctus et ultrices posuere cubilia curae; Praesent eu mi blandit, efficitur mi sit amet, finibus mi. Maecenas id bibendum augue. Sed elementum, dui non convallis blandit, orci eros sagittis velit, in facilisis mi est vitae odio. Pellentesque faucibus risus vel nisl ultricies, dictum commodo mi rutrum. Integer cursus purus quis porttitor posuere. Proin congue odio sit amet tellus rhoncus, sed lobortis turpis rutrum. Nunc et lacus imperdiet, mattis turpis eget, auctor nisi. Fusce orci ante, malesuada luctus ante sit amet, ultricies molestie sapien. Nulla tristique lorem faucibus magna fermentum tincidunt. Proin turpis tellus, mollis eget laoreet in, facilisis at nunc. Cras sodales tempus lorem nec tempus. Mauris mollis egestas magna, vitae aliquam quam convallis venenatis. Aliquam et sem a est faucibus aliquet. Nam sem erat, facilisis non feugiat id, varius ac tortor. Integer faucibus, tellus sit amet venenatis aliquet, massa nibh ultricies odio, eget feugiat elit felis eget eros. ', '2022-04-30'),
(5, 'Coven', 'Lorem ipsum dolor sit amet, consectetur adipiscing elit. Mauris id fringilla massa. Quisque quis diam semper, tempus odio at, porttitor ex. Donec pretium eros a sodales porta. Vestibulum ante ipsum primis in faucibus orci luctus et ultrices posuere cubilia curae; Nunc a massa dapibus mi elementum laoreet at quis purus. Aenean nec nulla enim. Donec eu porta ipsum. Donec felis sapien, scelerisque ac tortor ac, ornare hendrerit libero. Praesent et hendrerit mi.\r\n\r\nVestibulum ante ipsum primis in faucibus orci luctus et ultrices posuere cubilia curae; Praesent eu mi blandit, efficitur mi sit amet, finibus mi. Maecenas id bibendum augue. Sed elementum, dui non convallis blandit, orci eros sagittis velit, in facilisis mi est vitae odio. Pellentesque faucibus risus vel nisl ultricies, dictum commodo mi rutrum. Integer cursus purus quis porttitor posuere. Proin congue odio sit amet tellus rhoncus, sed lobortis turpis rutrum. Nunc et lacus imperdiet, mattis turpis eget, auctor nisi. Fusce orci ante, malesuada luctus ante sit amet, ultricies molestie sapien. Nulla tristique lorem faucibus magna fermentum tincidunt. Proin turpis tellus, mollis eget laoreet in, facilisis at nunc. Cras sodales tempus lorem nec tempus. Mauris mollis egestas magna, vitae aliquam quam convallis venenatis. Aliquam et sem a est faucibus aliquet. Nam sem erat, facilisis non feugiat id, varius ac tortor. Integer faucibus, tellus sit amet venenatis aliquet, massa nibh ultricies odio, eget feugiat elit felis eget eros. ', '2022-02-15'),
(6, 'Decisions', 'Lorem ipsum dolor sit amet, consectetur adipiscing elit. Mauris id fringilla massa. Quisque quis diam semper, tempus odio at, porttitor ex. Donec pretium eros a sodales porta. Vestibulum ante ipsum primis in faucibus orci luctus et ultrices posuere cubilia curae; Nunc a massa dapibus mi elementum laoreet at quis purus. Aenean nec nulla enim. Donec eu porta ipsum. Donec felis sapien, scelerisque ac tortor ac, ornare hendrerit libero. Praesent et hendrerit mi.\r\n\r\nVestibulum ante ipsum primis in faucibus orci luctus et ultrices posuere cubilia curae; Praesent eu mi blandit, efficitur mi sit amet, finibus mi. Maecenas id bibendum augue. Sed elementum, dui non convallis blandit, orci eros sagittis velit, in facilisis mi est vitae odio. Pellentesque faucibus risus vel nisl ultricies, dictum commodo mi rutrum. Integer cursus purus quis porttitor posuere. Proin congue odio sit amet tellus rhoncus, sed lobortis turpis rutrum. Nunc et lacus imperdiet, mattis turpis eget, auctor nisi. Fusce orci ante, malesuada luctus ante sit amet, ultricies molestie sapien. Nulla tristique lorem faucibus magna fermentum tincidunt. Proin turpis tellus, mollis eget laoreet in, facilisis at nunc. Cras sodales tempus lorem nec tempus. Mauris mollis egestas magna, vitae aliquam quam convallis venenatis. Aliquam et sem a est faucibus aliquet. Nam sem erat, facilisis non feugiat id, varius ac tortor. Integer faucibus, tellus sit amet venenatis aliquet, massa nibh ultricies odio, eget feugiat elit felis eget eros. ', '2021-03-28'),
(7, 'Dream in a Dream', 'Lorem ipsum dolor sit amet, consectetur adipiscing elit. Mauris id fringilla massa. Quisque quis diam semper, tempus odio at, porttitor ex. Donec pretium eros a sodales porta. Vestibulum ante ipsum primis in faucibus orci luctus et ultrices posuere cubilia curae; Nunc a massa dapibus mi elementum laoreet at quis purus. Aenean nec nulla enim. Donec eu porta ipsum. Donec felis sapien, scelerisque ac tortor ac, ornare hendrerit libero. Praesent et hendrerit mi.\r\n\r\nVestibulum ante ipsum primis in faucibus orci luctus et ultrices posuere cubilia curae; Praesent eu mi blandit, efficitur mi sit amet, finibus mi. Maecenas id bibendum augue. Sed elementum, dui non convallis blandit, orci eros sagittis velit, in facilisis mi est vitae odio. Pellentesque faucibus risus vel nisl ultricies, dictum commodo mi rutrum. Integer cursus purus quis porttitor posuere. Proin congue odio sit amet tellus rhoncus, sed lobortis turpis rutrum. Nunc et lacus imperdiet, mattis turpis eget, auctor nisi. Fusce orci ante, malesuada luctus ante sit amet, ultricies molestie sapien. Nulla tristique lorem faucibus magna fermentum tincidunt. Proin turpis tellus, mollis eget laoreet in, facilisis at nunc. Cras sodales tempus lorem nec tempus. Mauris mollis egestas magna, vitae aliquam quam convallis venenatis. Aliquam et sem a est faucibus aliquet. Nam sem erat, facilisis non feugiat id, varius ac tortor. Integer faucibus, tellus sit amet venenatis aliquet, massa nibh ultricies odio, eget feugiat elit felis eget eros. ', '2020-12-02'),
(8, 'Fei', 'Lorem ipsum dolor sit amet, consectetur adipiscing elit. Mauris id fringilla massa. Quisque quis diam semper, tempus odio at, porttitor ex. Donec pretium eros a sodales porta. Vestibulum ante ipsum primis in faucibus orci luctus et ultrices posuere cubilia curae; Nunc a massa dapibus mi elementum laoreet at quis purus. Aenean nec nulla enim. Donec eu porta ipsum. Donec felis sapien, scelerisque ac tortor ac, ornare hendrerit libero. Praesent et hendrerit mi.\r\n\r\nVestibulum ante ipsum primis in faucibus orci luctus et ultrices posuere cubilia curae; Praesent eu mi blandit, efficitur mi sit amet, finibus mi. Maecenas id bibendum augue. Sed elementum, dui non convallis blandit, orci eros sagittis velit, in facilisis mi est vitae odio. Pellentesque faucibus risus vel nisl ultricies, dictum commodo mi rutrum. Integer cursus purus quis porttitor posuere. Proin congue odio sit amet tellus rhoncus, sed lobortis turpis rutrum. Nunc et lacus imperdiet, mattis turpis eget, auctor nisi. Fusce orci ante, malesuada luctus ante sit amet, ultricies molestie sapien. Nulla tristique lorem faucibus magna fermentum tincidunt. Proin turpis tellus, mollis eget laoreet in, facilisis at nunc. Cras sodales tempus lorem nec tempus. Mauris mollis egestas magna, vitae aliquam quam convallis venenatis. Aliquam et sem a est faucibus aliquet. Nam sem erat, facilisis non feugiat id, varius ac tortor. Integer faucibus, tellus sit amet venenatis aliquet, massa nibh ultricies odio, eget feugiat elit felis eget eros. ', '2023-02-05'),
(9, 'Friday Night', 'Lorem ipsum dolor sit amet, consectetur adipiscing elit. Mauris id fringilla massa. Quisque quis diam semper, tempus odio at, porttitor ex. Donec pretium eros a sodales porta. Vestibulum ante ipsum primis in faucibus orci luctus et ultrices posuere cubilia curae; Nunc a massa dapibus mi elementum laoreet at quis purus. Aenean nec nulla enim. Donec eu porta ipsum. Donec felis sapien, scelerisque ac tortor ac, ornare hendrerit libero. Praesent et hendrerit mi.\r\n\r\nVestibulum ante ipsum primis in faucibus orci luctus et ultrices posuere cubilia curae; Praesent eu mi blandit, efficitur mi sit amet, finibus mi. Maecenas id bibendum augue. Sed elementum, dui non convallis blandit, orci eros sagittis velit, in facilisis mi est vitae odio. Pellentesque faucibus risus vel nisl ultricies, dictum commodo mi rutrum. Integer cursus purus quis porttitor posuere. Proin congue odio sit amet tellus rhoncus, sed lobortis turpis rutrum. Nunc et lacus imperdiet, mattis turpis eget, auctor nisi. Fusce orci ante, malesuada luctus ante sit amet, ultricies molestie sapien. Nulla tristique lorem faucibus magna fermentum tincidunt. Proin turpis tellus, mollis eget laoreet in, facilisis at nunc. Cras sodales tempus lorem nec tempus. Mauris mollis egestas magna, vitae aliquam quam convallis venenatis. Aliquam et sem a est faucibus aliquet. Nam sem erat, facilisis non feugiat id, varius ac tortor. Integer faucibus, tellus sit amet venenatis aliquet, massa nibh ultricies odio, eget feugiat elit felis eget eros. ', '2021-01-01'),
(10, 'Help', 'Lorem ipsum dolor sit amet, consectetur adipiscing elit. Mauris id fringilla massa. Quisque quis diam semper, tempus odio at, porttitor ex. Donec pretium eros a sodales porta. Vestibulum ante ipsum primis in faucibus orci luctus et ultrices posuere cubilia curae; Nunc a massa dapibus mi elementum laoreet at quis purus. Aenean nec nulla enim. Donec eu porta ipsum. Donec felis sapien, scelerisque ac tortor ac, ornare hendrerit libero. Praesent et hendrerit mi.\r\n\r\nVestibulum ante ipsum primis in faucibus orci luctus et ultrices posuere cubilia curae; Praesent eu mi blandit, efficitur mi sit amet, finibus mi. Maecenas id bibendum augue. Sed elementum, dui non convallis blandit, orci eros sagittis velit, in facilisis mi est vitae odio. Pellentesque faucibus risus vel nisl ultricies, dictum commodo mi rutrum. Integer cursus purus quis porttitor posuere. Proin congue odio sit amet tellus rhoncus, sed lobortis turpis rutrum. Nunc et lacus imperdiet, mattis turpis eget, auctor nisi. Fusce orci ante, malesuada luctus ante sit amet, ultricies molestie sapien. Nulla tristique lorem faucibus magna fermentum tincidunt. Proin turpis tellus, mollis eget laoreet in, facilisis at nunc. Cras sodales tempus lorem nec tempus. Mauris mollis egestas magna, vitae aliquam quam convallis venenatis. Aliquam et sem a est faucibus aliquet. Nam sem erat, facilisis non feugiat id, varius ac tortor. Integer faucibus, tellus sit amet venenatis aliquet, massa nibh ultricies odio, eget feugiat elit felis eget eros. ', '2021-10-15'),
(11, 'Home', 'Lorem ipsum dolor sit amet, consectetur adipiscing elit. Mauris id fringilla massa. Quisque quis diam semper, tempus odio at, porttitor ex. Donec pretium eros a sodales porta. Vestibulum ante ipsum primis in faucibus orci luctus et ultrices posuere cubilia curae; Nunc a massa dapibus mi elementum laoreet at quis purus. Aenean nec nulla enim. Donec eu porta ipsum. Donec felis sapien, scelerisque ac tortor ac, ornare hendrerit libero. Praesent et hendrerit mi.\r\n\r\nVestibulum ante ipsum primis in faucibus orci luctus et ultrices posuere cubilia curae; Praesent eu mi blandit, efficitur mi sit amet, finibus mi. Maecenas id bibendum augue. Sed elementum, dui non convallis blandit, orci eros sagittis velit, in facilisis mi est vitae odio. Pellentesque faucibus risus vel nisl ultricies, dictum commodo mi rutrum. Integer cursus purus quis porttitor posuere. Proin congue odio sit amet tellus rhoncus, sed lobortis turpis rutrum. Nunc et lacus imperdiet, mattis turpis eget, auctor nisi. Fusce orci ante, malesuada luctus ante sit amet, ultricies molestie sapien. Nulla tristique lorem faucibus magna fermentum tincidunt. Proin turpis tellus, mollis eget laoreet in, facilisis at nunc. Cras sodales tempus lorem nec tempus. Mauris mollis egestas magna, vitae aliquam quam convallis venenatis. Aliquam et sem a est faucibus aliquet. Nam sem erat, facilisis non feugiat id, varius ac tortor. Integer faucibus, tellus sit amet venenatis aliquet, massa nibh ultricies odio, eget feugiat elit felis eget eros. ', '2021-10-10'),
(12, 'Jubilation', 'Lorem ipsum dolor sit amet, consectetur adipiscing elit. Mauris id fringilla massa. Quisque quis diam semper, tempus odio at, porttitor ex. Donec pretium eros a sodales porta. Vestibulum ante ipsum primis in faucibus orci luctus et ultrices posuere cubilia curae; Nunc a massa dapibus mi elementum laoreet at quis purus. Aenean nec nulla enim. Donec eu porta ipsum. Donec felis sapien, scelerisque ac tortor ac, ornare hendrerit libero. Praesent et hendrerit mi.\r\n\r\nVestibulum ante ipsum primis in faucibus orci luctus et ultrices posuere cubilia curae; Praesent eu mi blandit, efficitur mi sit amet, finibus mi. Maecenas id bibendum augue. Sed elementum, dui non convallis blandit, orci eros sagittis velit, in facilisis mi est vitae odio. Pellentesque faucibus risus vel nisl ultricies, dictum commodo mi rutrum. Integer cursus purus quis porttitor posuere. Proin congue odio sit amet tellus rhoncus, sed lobortis turpis rutrum. Nunc et lacus imperdiet, mattis turpis eget, auctor nisi. Fusce orci ante, malesuada luctus ante sit amet, ultricies molestie sapien. Nulla tristique lorem faucibus magna fermentum tincidunt. Proin turpis tellus, mollis eget laoreet in, facilisis at nunc. Cras sodales tempus lorem nec tempus. Mauris mollis egestas magna, vitae aliquam quam convallis venenatis. Aliquam et sem a est faucibus aliquet. Nam sem erat, facilisis non feugiat id, varius ac tortor. Integer faucibus, tellus sit amet venenatis aliquet, massa nibh ultricies odio, eget feugiat elit felis eget eros. ', '2022-12-13'),
(13, 'King of Hearts', 'Lorem ipsum dolor sit amet, consectetur adipiscing elit. Mauris id fringilla massa. Quisque quis diam semper, tempus odio at, porttitor ex. Donec pretium eros a sodales porta. Vestibulum ante ipsum primis in faucibus orci luctus et ultrices posuere cubilia curae; Nunc a massa dapibus mi elementum laoreet at quis purus. Aenean nec nulla enim. Donec eu porta ipsum. Donec felis sapien, scelerisque ac tortor ac, ornare hendrerit libero. Praesent et hendrerit mi.\r\n\r\nVestibulum ante ipsum primis in faucibus orci luctus et ultrices posuere cubilia curae; Praesent eu mi blandit, efficitur mi sit amet, finibus mi. Maecenas id bibendum augue. Sed elementum, dui non convallis blandit, orci eros sagittis velit, in facilisis mi est vitae odio. Pellentesque faucibus risus vel nisl ultricies, dictum commodo mi rutrum. Integer cursus purus quis porttitor posuere. Proin congue odio sit amet tellus rhoncus, sed lobortis turpis rutrum. Nunc et lacus imperdiet, mattis turpis eget, auctor nisi. Fusce orci ante, malesuada luctus ante sit amet, ultricies molestie sapien. Nulla tristique lorem faucibus magna fermentum tincidunt. Proin turpis tellus, mollis eget laoreet in, facilisis at nunc. Cras sodales tempus lorem nec tempus. Mauris mollis egestas magna, vitae aliquam quam convallis venenatis. Aliquam et sem a est faucibus aliquet. Nam sem erat, facilisis non feugiat id, varius ac tortor. Integer faucibus, tellus sit amet venenatis aliquet, massa nibh ultricies odio, eget feugiat elit felis eget eros. ', '2022-09-25'),
(14, 'Legion', 'Lorem ipsum dolor sit amet, consectetur adipiscing elit. Mauris id fringilla massa. Quisque quis diam semper, tempus odio at, porttitor ex. Donec pretium eros a sodales porta. Vestibulum ante ipsum primis in faucibus orci luctus et ultrices posuere cubilia curae; Nunc a massa dapibus mi elementum laoreet at quis purus. Aenean nec nulla enim. Donec eu porta ipsum. Donec felis sapien, scelerisque ac tortor ac, ornare hendrerit libero. Praesent et hendrerit mi.\r\n\r\nVestibulum ante ipsum primis in faucibus orci luctus et ultrices posuere cubilia curae; Praesent eu mi blandit, efficitur mi sit amet, finibus mi. Maecenas id bibendum augue. Sed elementum, dui non convallis blandit, orci eros sagittis velit, in facilisis mi est vitae odio. Pellentesque faucibus risus vel nisl ultricies, dictum commodo mi rutrum. Integer cursus purus quis porttitor posuere. Proin congue odio sit amet tellus rhoncus, sed lobortis turpis rutrum. Nunc et lacus imperdiet, mattis turpis eget, auctor nisi. Fusce orci ante, malesuada luctus ante sit amet, ultricies molestie sapien. Nulla tristique lorem faucibus magna fermentum tincidunt. Proin turpis tellus, mollis eget laoreet in, facilisis at nunc. Cras sodales tempus lorem nec tempus. Mauris mollis egestas magna, vitae aliquam quam convallis venenatis. Aliquam et sem a est faucibus aliquet. Nam sem erat, facilisis non feugiat id, varius ac tortor. Integer faucibus, tellus sit amet venenatis aliquet, massa nibh ultricies odio, eget feugiat elit felis eget eros. ', '2022-10-21'),
(15, 'Medusa Non Grata', 'Lorem ipsum dolor sit amet, consectetur adipiscing elit. Mauris id fringilla massa. Quisque quis diam semper, tempus odio at, porttitor ex. Donec pretium eros a sodales porta. Vestibulum ante ipsum primis in faucibus orci luctus et ultrices posuere cubilia curae; Nunc a massa dapibus mi elementum laoreet at quis purus. Aenean nec nulla enim. Donec eu porta ipsum. Donec felis sapien, scelerisque ac tortor ac, ornare hendrerit libero. Praesent et hendrerit mi.\r\n\r\nVestibulum ante ipsum primis in faucibus orci luctus et ultrices posuere cubilia curae; Praesent eu mi blandit, efficitur mi sit amet, finibus mi. Maecenas id bibendum augue. Sed elementum, dui non convallis blandit, orci eros sagittis velit, in facilisis mi est vitae odio. Pellentesque faucibus risus vel nisl ultricies, dictum commodo mi rutrum. Integer cursus purus quis porttitor posuere. Proin congue odio sit amet tellus rhoncus, sed lobortis turpis rutrum. Nunc et lacus imperdiet, mattis turpis eget, auctor nisi. Fusce orci ante, malesuada luctus ante sit amet, ultricies molestie sapien. Nulla tristique lorem faucibus magna fermentum tincidunt. Proin turpis tellus, mollis eget laoreet in, facilisis at nunc. Cras sodales tempus lorem nec tempus. Mauris mollis egestas magna, vitae aliquam quam convallis venenatis. Aliquam et sem a est faucibus aliquet. Nam sem erat, facilisis non feugiat id, varius ac tortor. Integer faucibus, tellus sit amet venenatis aliquet, massa nibh ultricies odio, eget feugiat elit felis eget eros. ', '2022-10-29'),
(16, 'Mirror', 'Lorem ipsum dolor sit amet, consectetur adipiscing elit. Mauris id fringilla massa. Quisque quis diam semper, tempus odio at, porttitor ex. Donec pretium eros a sodales porta. Vestibulum ante ipsum primis in faucibus orci luctus et ultrices posuere cubilia curae; Nunc a massa dapibus mi elementum laoreet at quis purus. Aenean nec nulla enim. Donec eu porta ipsum. Donec felis sapien, scelerisque ac tortor ac, ornare hendrerit libero. Praesent et hendrerit mi.\r\n\r\nVestibulum ante ipsum primis in faucibus orci luctus et ultrices posuere cubilia curae; Praesent eu mi blandit, efficitur mi sit amet, finibus mi. Maecenas id bibendum augue. Sed elementum, dui non convallis blandit, orci eros sagittis velit, in facilisis mi est vitae odio. Pellentesque faucibus risus vel nisl ultricies, dictum commodo mi rutrum. Integer cursus purus quis porttitor posuere. Proin congue odio sit amet tellus rhoncus, sed lobortis turpis rutrum. Nunc et lacus imperdiet, mattis turpis eget, auctor nisi. Fusce orci ante, malesuada luctus ante sit amet, ultricies molestie sapien. Nulla tristique lorem faucibus magna fermentum tincidunt. Proin turpis tellus, mollis eget laoreet in, facilisis at nunc. Cras sodales tempus lorem nec tempus. Mauris mollis egestas magna, vitae aliquam quam convallis venenatis. Aliquam et sem a est faucibus aliquet. Nam sem erat, facilisis non feugiat id, varius ac tortor. Integer faucibus, tellus sit amet venenatis aliquet, massa nibh ultricies odio, eget feugiat elit felis eget eros. ', '2022-10-21'),
(17, 'Possessions', 'Lorem ipsum dolor sit amet, consectetur adipiscing elit. Mauris id fringilla massa. Quisque quis diam semper, tempus odio at, porttitor ex. Donec pretium eros a sodales porta. Vestibulum ante ipsum primis in faucibus orci luctus et ultrices posuere cubilia curae; Nunc a massa dapibus mi elementum laoreet at quis purus. Aenean nec nulla enim. Donec eu porta ipsum. Donec felis sapien, scelerisque ac tortor ac, ornare hendrerit libero. Praesent et hendrerit mi.\r\n\r\nVestibulum ante ipsum primis in faucibus orci luctus et ultrices posuere cubilia curae; Praesent eu mi blandit, efficitur mi sit amet, finibus mi. Maecenas id bibendum augue. Sed elementum, dui non convallis blandit, orci eros sagittis velit, in facilisis mi est vitae odio. Pellentesque faucibus risus vel nisl ultricies, dictum commodo mi rutrum. Integer cursus purus quis porttitor posuere. Proin congue odio sit amet tellus rhoncus, sed lobortis turpis rutrum. Nunc et lacus imperdiet, mattis turpis eget, auctor nisi. Fusce orci ante, malesuada luctus ante sit amet, ultricies molestie sapien. Nulla tristique lorem faucibus magna fermentum tincidunt. Proin turpis tellus, mollis eget laoreet in, facilisis at nunc. Cras sodales tempus lorem nec tempus. Mauris mollis egestas magna, vitae aliquam quam convallis venenatis. Aliquam et sem a est faucibus aliquet. Nam sem erat, facilisis non feugiat id, varius ac tortor. Integer faucibus, tellus sit amet venenatis aliquet, massa nibh ultricies odio, eget feugiat elit felis eget eros. ', '2020-12-02'),
(18, 'Quebrada', 'Lorem ipsum dolor sit amet, consectetur adipiscing elit. Mauris id fringilla massa. Quisque quis diam semper, tempus odio at, porttitor ex. Donec pretium eros a sodales porta. Vestibulum ante ipsum primis in faucibus orci luctus et ultrices posuere cubilia curae; Nunc a massa dapibus mi elementum laoreet at quis purus. Aenean nec nulla enim. Donec eu porta ipsum. Donec felis sapien, scelerisque ac tortor ac, ornare hendrerit libero. Praesent et hendrerit mi.\r\n\r\nVestibulum ante ipsum primis in faucibus orci luctus et ultrices posuere cubilia curae; Praesent eu mi blandit, efficitur mi sit amet, finibus mi. Maecenas id bibendum augue. Sed elementum, dui non convallis blandit, orci eros sagittis velit, in facilisis mi est vitae odio. Pellentesque faucibus risus vel nisl ultricies, dictum commodo mi rutrum. Integer cursus purus quis porttitor posuere. Proin congue odio sit amet tellus rhoncus, sed lobortis turpis rutrum. Nunc et lacus imperdiet, mattis turpis eget, auctor nisi. Fusce orci ante, malesuada luctus ante sit amet, ultricies molestie sapien. Nulla tristique lorem faucibus magna fermentum tincidunt. Proin turpis tellus, mollis eget laoreet in, facilisis at nunc. Cras sodales tempus lorem nec tempus. Mauris mollis egestas magna, vitae aliquam quam convallis venenatis. Aliquam et sem a est faucibus aliquet. Nam sem erat, facilisis non feugiat id, varius ac tortor. Integer faucibus, tellus sit amet venenatis aliquet, massa nibh ultricies odio, eget feugiat elit felis eget eros. ', '2022-02-10'),
(19, 'Ravac', 'Lorem ipsum dolor sit amet, consectetur adipiscing elit. Mauris id fringilla massa. Quisque quis diam semper, tempus odio at, porttitor ex. Donec pretium eros a sodales porta. Vestibulum ante ipsum primis in faucibus orci luctus et ultrices posuere cubilia curae; Nunc a massa dapibus mi elementum laoreet at quis purus. Aenean nec nulla enim. Donec eu porta ipsum. Donec felis sapien, scelerisque ac tortor ac, ornare hendrerit libero. Praesent et hendrerit mi.\r\n\r\nVestibulum ante ipsum primis in faucibus orci luctus et ultrices posuere cubilia curae; Praesent eu mi blandit, efficitur mi sit amet, finibus mi. Maecenas id bibendum augue. Sed elementum, dui non convallis blandit, orci eros sagittis velit, in facilisis mi est vitae odio. Pellentesque faucibus risus vel nisl ultricies, dictum commodo mi rutrum. Integer cursus purus quis porttitor posuere. Proin congue odio sit amet tellus rhoncus, sed lobortis turpis rutrum. Nunc et lacus imperdiet, mattis turpis eget, auctor nisi. Fusce orci ante, malesuada luctus ante sit amet, ultricies molestie sapien. Nulla tristique lorem faucibus magna fermentum tincidunt. Proin turpis tellus, mollis eget laoreet in, facilisis at nunc. Cras sodales tempus lorem nec tempus. Mauris mollis egestas magna, vitae aliquam quam convallis venenatis. Aliquam et sem a est faucibus aliquet. Nam sem erat, facilisis non feugiat id, varius ac tortor. Integer faucibus, tellus sit amet venenatis aliquet, massa nibh ultricies odio, eget feugiat elit felis eget eros. ', '2023-02-04'),
(20, 'Roadkill', 'Lorem ipsum dolor sit amet, consectetur adipiscing elit. Mauris id fringilla massa. Quisque quis diam semper, tempus odio at, porttitor ex. Donec pretium eros a sodales porta. Vestibulum ante ipsum primis in faucibus orci luctus et ultrices posuere cubilia curae; Nunc a massa dapibus mi elementum laoreet at quis purus. Aenean nec nulla enim. Donec eu porta ipsum. Donec felis sapien, scelerisque ac tortor ac, ornare hendrerit libero. Praesent et hendrerit mi.\r\n\r\nVestibulum ante ipsum primis in faucibus orci luctus et ultrices posuere cubilia curae; Praesent eu mi blandit, efficitur mi sit amet, finibus mi. Maecenas id bibendum augue. Sed elementum, dui non convallis blandit, orci eros sagittis velit, in facilisis mi est vitae odio. Pellentesque faucibus risus vel nisl ultricies, dictum commodo mi rutrum. Integer cursus purus quis porttitor posuere. Proin congue odio sit amet tellus rhoncus, sed lobortis turpis rutrum. Nunc et lacus imperdiet, mattis turpis eget, auctor nisi. Fusce orci ante, malesuada luctus ante sit amet, ultricies molestie sapien. Nulla tristique lorem faucibus magna fermentum tincidunt. Proin turpis tellus, mollis eget laoreet in, facilisis at nunc. Cras sodales tempus lorem nec tempus. Mauris mollis egestas magna, vitae aliquam quam convallis venenatis. Aliquam et sem a est faucibus aliquet. Nam sem erat, facilisis non feugiat id, varius ac tortor. Integer faucibus, tellus sit amet venenatis aliquet, massa nibh ultricies odio, eget feugiat elit felis eget eros. ', '2022-04-05'),
(21, 'Shah', 'Lorem ipsum dolor sit amet, consectetur adipiscing elit. Mauris id fringilla massa. Quisque quis diam semper, tempus odio at, porttitor ex. Donec pretium eros a sodales porta. Vestibulum ante ipsum primis in faucibus orci luctus et ultrices posuere cubilia curae; Nunc a massa dapibus mi elementum laoreet at quis purus. Aenean nec nulla enim. Donec eu porta ipsum. Donec felis sapien, scelerisque ac tortor ac, ornare hendrerit libero. Praesent et hendrerit mi.\r\n\r\nVestibulum ante ipsum primis in faucibus orci luctus et ultrices posuere cubilia curae; Praesent eu mi blandit, efficitur mi sit amet, finibus mi. Maecenas id bibendum augue. Sed elementum, dui non convallis blandit, orci eros sagittis velit, in facilisis mi est vitae odio. Pellentesque faucibus risus vel nisl ultricies, dictum commodo mi rutrum. Integer cursus purus quis porttitor posuere. Proin congue odio sit amet tellus rhoncus, sed lobortis turpis rutrum. Nunc et lacus imperdiet, mattis turpis eget, auctor nisi. Fusce orci ante, malesuada luctus ante sit amet, ultricies molestie sapien. Nulla tristique lorem faucibus magna fermentum tincidunt. Proin turpis tellus, mollis eget laoreet in, facilisis at nunc. Cras sodales tempus lorem nec tempus. Mauris mollis egestas magna, vitae aliquam quam convallis venenatis. Aliquam et sem a est faucibus aliquet. Nam sem erat, facilisis non feugiat id, varius ac tortor. Integer faucibus, tellus sit amet venenatis aliquet, massa nibh ultricies odio, eget feugiat elit felis eget eros. ', '2022-03-05'),
(22, 'She', 'Lorem ipsum dolor sit amet, consectetur adipiscing elit. Mauris id fringilla massa. Quisque quis diam semper, tempus odio at, porttitor ex. Donec pretium eros a sodales porta. Vestibulum ante ipsum primis in faucibus orci luctus et ultrices posuere cubilia curae; Nunc a massa dapibus mi elementum laoreet at quis purus. Aenean nec nulla enim. Donec eu porta ipsum. Donec felis sapien, scelerisque ac tortor ac, ornare hendrerit libero. Praesent et hendrerit mi.\r\n\r\nVestibulum ante ipsum primis in faucibus orci luctus et ultrices posuere cubilia curae; Praesent eu mi blandit, efficitur mi sit amet, finibus mi. Maecenas id bibendum augue. Sed elementum, dui non convallis blandit, orci eros sagittis velit, in facilisis mi est vitae odio. Pellentesque faucibus risus vel nisl ultricies, dictum commodo mi rutrum. Integer cursus purus quis porttitor posuere. Proin congue odio sit amet tellus rhoncus, sed lobortis turpis rutrum. Nunc et lacus imperdiet, mattis turpis eget, auctor nisi. Fusce orci ante, malesuada luctus ante sit amet, ultricies molestie sapien. Nulla tristique lorem faucibus magna fermentum tincidunt. Proin turpis tellus, mollis eget laoreet in, facilisis at nunc. Cras sodales tempus lorem nec tempus. Mauris mollis egestas magna, vitae aliquam quam convallis venenatis. Aliquam et sem a est faucibus aliquet. Nam sem erat, facilisis non feugiat id, varius ac tortor. Integer faucibus, tellus sit amet venenatis aliquet, massa nibh ultricies odio, eget feugiat elit felis eget eros. ', '2023-03-25'),
(23, 'Sky', 'Lorem ipsum dolor sit amet, consectetur adipiscing elit. Mauris id fringilla massa. Quisque quis diam semper, tempus odio at, porttitor ex. Donec pretium eros a sodales porta. Vestibulum ante ipsum primis in faucibus orci luctus et ultrices posuere cubilia curae; Nunc a massa dapibus mi elementum laoreet at quis purus. Aenean nec nulla enim. Donec eu porta ipsum. Donec felis sapien, scelerisque ac tortor ac, ornare hendrerit libero. Praesent et hendrerit mi.\r\n\r\nVestibulum ante ipsum primis in faucibus orci luctus et ultrices posuere cubilia curae; Praesent eu mi blandit, efficitur mi sit amet, finibus mi. Maecenas id bibendum augue. Sed elementum, dui non convallis blandit, orci eros sagittis velit, in facilisis mi est vitae odio. Pellentesque faucibus risus vel nisl ultricies, dictum commodo mi rutrum. Integer cursus purus quis porttitor posuere. Proin congue odio sit amet tellus rhoncus, sed lobortis turpis rutrum. Nunc et lacus imperdiet, mattis turpis eget, auctor nisi. Fusce orci ante, malesuada luctus ante sit amet, ultricies molestie sapien. Nulla tristique lorem faucibus magna fermentum tincidunt. Proin turpis tellus, mollis eget laoreet in, facilisis at nunc. Cras sodales tempus lorem nec tempus. Mauris mollis egestas magna, vitae aliquam quam convallis venenatis. Aliquam et sem a est faucibus aliquet. Nam sem erat, facilisis non feugiat id, varius ac tortor. Integer faucibus, tellus sit amet venenatis aliquet, massa nibh ultricies odio, eget feugiat elit felis eget eros. ', '2021-01-18'),
(24, 'Spade', 'Lorem ipsum dolor sit amet, consectetur adipiscing elit. Mauris id fringilla massa. Quisque quis diam semper, tempus odio at, porttitor ex. Donec pretium eros a sodales porta. Vestibulum ante ipsum primis in faucibus orci luctus et ultrices posuere cubilia curae; Nunc a massa dapibus mi elementum laoreet at quis purus. Aenean nec nulla enim. Donec eu porta ipsum. Donec felis sapien, scelerisque ac tortor ac, ornare hendrerit libero. Praesent et hendrerit mi.\r\n\r\nVestibulum ante ipsum primis in faucibus orci luctus et ultrices posuere cubilia curae; Praesent eu mi blandit, efficitur mi sit amet, finibus mi. Maecenas id bibendum augue. Sed elementum, dui non convallis blandit, orci eros sagittis velit, in facilisis mi est vitae odio. Pellentesque faucibus risus vel nisl ultricies, dictum commodo mi rutrum. Integer cursus purus quis porttitor posuere. Proin congue odio sit amet tellus rhoncus, sed lobortis turpis rutrum. Nunc et lacus imperdiet, mattis turpis eget, auctor nisi. Fusce orci ante, malesuada luctus ante sit amet, ultricies molestie sapien. Nulla tristique lorem faucibus magna fermentum tincidunt. Proin turpis tellus, mollis eget laoreet in, facilisis at nunc. Cras sodales tempus lorem nec tempus. Mauris mollis egestas magna, vitae aliquam quam convallis venenatis. Aliquam et sem a est faucibus aliquet. Nam sem erat, facilisis non feugiat id, varius ac tortor. Integer faucibus, tellus sit amet venenatis aliquet, massa nibh ultricies odio, eget feugiat elit felis eget eros. ', '2020-09-18'),
(25, 'Starsmore', 'Lorem ipsum dolor sit amet, consectetur adipiscing elit. Mauris id fringilla massa. Quisque quis diam semper, tempus odio at, porttitor ex. Donec pretium eros a sodales porta. Vestibulum ante ipsum primis in faucibus orci luctus et ultrices posuere cubilia curae; Nunc a massa dapibus mi elementum laoreet at quis purus. Aenean nec nulla enim. Donec eu porta ipsum. Donec felis sapien, scelerisque ac tortor ac, ornare hendrerit libero. Praesent et hendrerit mi.\r\n\r\nVestibulum ante ipsum primis in faucibus orci luctus et ultrices posuere cubilia curae; Praesent eu mi blandit, efficitur mi sit amet, finibus mi. Maecenas id bibendum augue. Sed elementum, dui non convallis blandit, orci eros sagittis velit, in facilisis mi est vitae odio. Pellentesque faucibus risus vel nisl ultricies, dictum commodo mi rutrum. Integer cursus purus quis porttitor posuere. Proin congue odio sit amet tellus rhoncus, sed lobortis turpis rutrum. Nunc et lacus imperdiet, mattis turpis eget, auctor nisi. Fusce orci ante, malesuada luctus ante sit amet, ultricies molestie sapien. Nulla tristique lorem faucibus magna fermentum tincidunt. Proin turpis tellus, mollis eget laoreet in, facilisis at nunc. Cras sodales tempus lorem nec tempus. Mauris mollis egestas magna, vitae aliquam quam convallis venenatis. Aliquam et sem a est faucibus aliquet. Nam sem erat, facilisis non feugiat id, varius ac tortor. Integer faucibus, tellus sit amet venenatis aliquet, massa nibh ultricies odio, eget feugiat elit felis eget eros. ', '2022-10-18'),
(26, 'Travel', 'Lorem ipsum dolor sit amet, consectetur adipiscing elit. Mauris id fringilla massa. Quisque quis diam semper, tempus odio at, porttitor ex. Donec pretium eros a sodales porta. Vestibulum ante ipsum primis in faucibus orci luctus et ultrices posuere cubilia curae; Nunc a massa dapibus mi elementum laoreet at quis purus. Aenean nec nulla enim. Donec eu porta ipsum. Donec felis sapien, scelerisque ac tortor ac, ornare hendrerit libero. Praesent et hendrerit mi.\r\n\r\nVestibulum ante ipsum primis in faucibus orci luctus et ultrices posuere cubilia curae; Praesent eu mi blandit, efficitur mi sit amet, finibus mi. Maecenas id bibendum augue. Sed elementum, dui non convallis blandit, orci eros sagittis velit, in facilisis mi est vitae odio. Pellentesque faucibus risus vel nisl ultricies, dictum commodo mi rutrum. Integer cursus purus quis porttitor posuere. Proin congue odio sit amet tellus rhoncus, sed lobortis turpis rutrum. Nunc et lacus imperdiet, mattis turpis eget, auctor nisi. Fusce orci ante, malesuada luctus ante sit amet, ultricies molestie sapien. Nulla tristique lorem faucibus magna fermentum tincidunt. Proin turpis tellus, mollis eget laoreet in, facilisis at nunc. Cras sodales tempus lorem nec tempus. Mauris mollis egestas magna, vitae aliquam quam convallis venenatis. Aliquam et sem a est faucibus aliquet. Nam sem erat, facilisis non feugiat id, varius ac tortor. Integer faucibus, tellus sit amet venenatis aliquet, massa nibh ultricies odio, eget feugiat elit felis eget eros. ', '2022-11-09'),
(27, 'Waiting', 'Lorem ipsum dolor sit amet, consectetur adipiscing elit. Mauris id fringilla massa. Quisque quis diam semper, tempus odio at, porttitor ex. Donec pretium eros a sodales porta. Vestibulum ante ipsum primis in faucibus orci luctus et ultrices posuere cubilia curae; Nunc a massa dapibus mi elementum laoreet at quis purus. Aenean nec nulla enim. Donec eu porta ipsum. Donec felis sapien, scelerisque ac tortor ac, ornare hendrerit libero. Praesent et hendrerit mi.\r\n\r\nVestibulum ante ipsum primis in faucibus orci luctus et ultrices posuere cubilia curae; Praesent eu mi blandit, efficitur mi sit amet, finibus mi. Maecenas id bibendum augue. Sed elementum, dui non convallis blandit, orci eros sagittis velit, in facilisis mi est vitae odio. Pellentesque faucibus risus vel nisl ultricies, dictum commodo mi rutrum. Integer cursus purus quis porttitor posuere. Proin congue odio sit amet tellus rhoncus, sed lobortis turpis rutrum. Nunc et lacus imperdiet, mattis turpis eget, auctor nisi. Fusce orci ante, malesuada luctus ante sit amet, ultricies molestie sapien. Nulla tristique lorem faucibus magna fermentum tincidunt. Proin turpis tellus, mollis eget laoreet in, facilisis at nunc. Cras sodales tempus lorem nec tempus. Mauris mollis egestas magna, vitae aliquam quam convallis venenatis. Aliquam et sem a est faucibus aliquet. Nam sem erat, facilisis non feugiat id, varius ac tortor. Integer faucibus, tellus sit amet venenatis aliquet, massa nibh ultricies odio, eget feugiat elit felis eget eros. ', '2022-11-08'),
(28, 'Wonderland', 'Lorem ipsum dolor sit amet, consectetur adipiscing elit. Mauris id fringilla massa. Quisque quis diam semper, tempus odio at, porttitor ex. Donec pretium eros a sodales porta. Vestibulum ante ipsum primis in faucibus orci luctus et ultrices posuere cubilia curae; Nunc a massa dapibus mi elementum laoreet at quis purus. Aenean nec nulla enim. Donec eu porta ipsum. Donec felis sapien, scelerisque ac tortor ac, ornare hendrerit libero. Praesent et hendrerit mi.\r\n\r\nVestibulum ante ipsum primis in faucibus orci luctus et ultrices posuere cubilia curae; Praesent eu mi blandit, efficitur mi sit amet, finibus mi. Maecenas id bibendum augue. Sed elementum, dui non convallis blandit, orci eros sagittis velit, in facilisis mi est vitae odio. Pellentesque faucibus risus vel nisl ultricies, dictum commodo mi rutrum. Integer cursus purus quis porttitor posuere. Proin congue odio sit amet tellus rhoncus, sed lobortis turpis rutrum. Nunc et lacus imperdiet, mattis turpis eget, auctor nisi. Fusce orci ante, malesuada luctus ante sit amet, ultricies molestie sapien. Nulla tristique lorem faucibus magna fermentum tincidunt. Proin turpis tellus, mollis eget laoreet in, facilisis at nunc. Cras sodales tempus lorem nec tempus. Mauris mollis egestas magna, vitae aliquam quam convallis venenatis. Aliquam et sem a est faucibus aliquet. Nam sem erat, facilisis non feugiat id, varius ac tortor. Integer faucibus, tellus sit amet venenatis aliquet, massa nibh ultricies odio, eget feugiat elit felis eget eros. ', '2021-11-07');
COMMIT;

/*!40101 SET CHARACTER_SET_CLIENT=@OLD_CHARACTER_SET_CLIENT */;
/*!40101 SET CHARACTER_SET_RESULTS=@OLD_CHARACTER_SET_RESULTS */;
/*!40101 SET COLLATION_CONNECTION=@OLD_COLLATION_CONNECTION */;
